record_name,InputDiffPeak_V,HPFPeak_V,IAPeak_V,NotchOutPeak_V,AFEOutPeak_V,ClipHighCount,ClipLowCount,ClipRatio_percent,ADCMin,ADCMax,ADCPeakToPeak
NSR,0.00212,0.0020514993288117,0.412351365091151,0.402487379219619,0.385184380538142,0,0,0,1909,2525,616
CHF,0.00313,0.00281761013064117,0.566339636258876,0.561305008847298,0.557422001283673,0,0,0,1701,2739,1038
ARR,0.00302,0.00312130494759813,0.627382294467225,0.630793340182291,0.630366559913704,0,0,0,1265,2626,1361
AFF,0.001945,0.00170260640754297,0.342223887916137,0.352636328416581,0.350374111024316,0,0,0,1612,2452,840
record100_NSR,0.00094680950666186,0.00124512349459287,0.250269822413168,0.245381847830474,0.241953523604662,0,0,0,1954,2347,393
