record_name,input_duration_s,sample_count,sampling_rate_Hz,afe_output_min_V,afe_output_max_V,adc_input_min_V,adc_input_max_V,adc_code_min,adc_code_max,adc_code_peak_to_peak,positive_rail_hit_count,negative_rail_hit_count,clipping_ratio_percent,positive_headroom_to_rail_V,negative_headroom_to_rail_V,minimum_headroom_to_rail_V,minimum_headroom_to_rail_LSB
NSR,60,60000,1000,-0.111193406381604,0.385184380538142,-0.111193406381604,0.385184380538142,1909,2525,616,0,0,0,1.26481561946186,1.5388065936184,1.26481561946186,1569.52120051403
CHF,60,60000,1000,-0.278712790249733,0.557422001283673,-0.278712790249733,0.557422001283673,1701,2739,1038,0,0,0,1.09257799871633,1.37128720975027,1.09257799871633,1355.78997113435
ARR,60,60000,1000,-0.630366559913704,0.466399103006148,-0.630366559913704,0.466399103006148,1265,2626,1361,0,0,0,1.18360089699385,1.0196334400863,1.0196334400863,1265.27240519799
AFF,60,60000,1000,-0.350374111024316,0.326537714372782,-0.350374111024316,0.326537714372782,1612,2452,840,0,0,0,1.32346228562722,1.29962588897568,1.29962588897568,1612.71758041074
